File name,Key,
enc_0_msg.txt,75863839,
enc_10_msg.txt,80731064,
enc_11_msg.txt,39432359,
enc_12_msg.txt,72927825,
enc_13_msg.txt,87856877,
enc_14_msg.txt,11993667,
enc_15_msg.txt,47241653,
enc_16_msg.txt,11434821,
enc_17_msg.txt,52082481,
enc_18_msg.txt,3875371,
enc_19_msg.txt,45623244,
enc_1_msg.txt,74164484,
enc_20_msg.txt,15042262,
enc_21_msg.txt,6976372,
enc_22_msg.txt,17080613,
enc_23_msg.txt,79717822,
enc_24_msg.txt,52118111,
enc_25_msg.txt,49067890,
enc_26_msg.txt,22468446,
enc_27_msg.txt,59026471,
enc_28_msg.txt,5704943,
enc_29_msg.txt,4114992,
enc_2_msg.txt,28521971,
enc_30_msg.txt,99135548,
enc_31_msg.txt,45967388,
enc_32_msg.txt,21424071,
enc_33_msg.txt,115949,
enc_34_msg.txt,4679622,
enc_35_msg.txt,67047285,
enc_36_msg.txt,91746503,
enc_37_msg.txt,25324895,
enc_38_msg.txt,63860381,
enc_39_msg.txt,30726668,
enc_3_msg.txt,19392067,
enc_40_msg.txt,62107679,
enc_41_msg.txt,71399007,
enc_42_msg.txt,24977852,
enc_43_msg.txt,86804815,
enc_44_msg.txt,27690692,
enc_45_msg.txt,24827608,
enc_46_msg.txt,23769808,
enc_47_msg.txt,39219497,
enc_48_msg.txt,18004818,
enc_49_msg.txt,48434222,
enc_4_msg.txt,62286602,
enc_50_msg.txt,98213855,
enc_51_msg.txt,84223593,
enc_52_msg.txt,75326543,
enc_53_msg.txt,94332106,
enc_54_msg.txt,5300782,
enc_55_msg.txt,60481313,
enc_56_msg.txt,8267641,
enc_57_msg.txt,62258649,
enc_58_msg.txt,88594924,
enc_59_msg.txt,41563010,
enc_5_msg.txt,85985473,
enc_60_msg.txt,79809774,
enc_61_msg.txt,8051091,
enc_62_msg.txt,98863959,
enc_63_msg.txt,56688252,
enc_64_msg.txt,6579303,
enc_65_msg.txt,90482989,
enc_66_msg.txt,84265684,
enc_67_msg.txt,86084553,
enc_68_msg.txt,24012531,
enc_69_msg.txt,13814352,
enc_6_msg.txt,77965783,
enc_70_msg.txt,46470908,
enc_71_msg.txt,43701205,
enc_72_msg.txt,68430835,
enc_73_msg.txt,65644588,
enc_74_msg.txt,87456619,
enc_75_msg.txt,44348630,
enc_76_msg.txt,82128725,
enc_77_msg.txt,98195724,
enc_78_msg.txt,12774793,
enc_79_msg.txt,43623844,
enc_7_msg.txt,16853727,
enc_80_msg.txt,49402507,
enc_81_msg.txt,78191856,
enc_82_msg.txt,32981058,
enc_83_msg.txt,228326,
enc_84_msg.txt,29497152,
enc_85_msg.txt,98520236,
enc_86_msg.txt,99364724,
enc_87_msg.txt,18988354,
enc_88_msg.txt,26241893,
enc_89_msg.txt,65812665,
enc_8_msg.txt,22959890,
enc_90_msg.txt,20712830,
enc_91_msg.txt,40031297,
enc_92_msg.txt,46831875,
enc_93_msg.txt,67432043,
enc_94_msg.txt,25767003,
enc_95_msg.txt,78521261,
enc_96_msg.txt,53000429,
enc_97_msg.txt,48721995,
enc_98_msg.txt,1297669,
enc_99_msg.txt,71368442,
enc_9_msg.txt,34418951,
